"Id","TableEnumOrId","FieldEnumOrId","CreatedById","CreatedDate"
"73724000001h6GSAAY","Case","Asset","00524000000utcoAAA","2015-06-15 09:09:14"
"73724000001h6GTAAY","Case","Contact","00524000000utcoAAA","2015-06-15 09:09:14"
"73724000001h6GUAAY","Case","CurrencyIsoCode","00524000000utcoAAA","2015-06-15 09:09:14"
"73724000001h6GVAAY","Case","Description","00524000000utcoAAA","2015-06-15 09:09:14"
"73724000001h6GWAAY","Case","IsVisibleInSelfService","00524000000utcoAAA","2015-06-15 09:09:14"
"73724000001h6GXAAY","Case","Origin","00524000000utcoAAA","2015-06-15 09:09:14"
"73724000001h6GYAAY","Case","Owner","00524000000utcoAAA","2015-06-15 09:09:14"
"73724000001h6GZAAY","Case","Priority","00524000000utcoAAA","2015-06-15 09:09:14"
"73724000001h6GaAAI","Case","Reason","00524000000utcoAAA","2015-06-15 09:09:14"
"73724000001h6GbAAI","Case","RecordType","00524000000utcoAAA","2015-06-15 09:09:14"
"73724000001h6GcAAI","Case","Status","00524000000utcoAAA","2015-06-15 09:09:14"
"73724000001h6GdAAI","Case","Subject","00524000000utcoAAA","2015-06-15 09:09:14"
"73724000001h6GeAAI","Case","Type","00524000000utcoAAA","2015-06-15 09:09:14"
"73724000001h6GfAAI","Contract","Account","00524000000utcoAAA","2015-06-15 09:09:14"
"73724000001h6GgAAI","Contract","AutoRenewCode","00524000000utcoAAA","2015-06-15 09:09:14"
"73724000001h6GhAAI","Contract","BankAccountName","00524000000utcoAAA","2015-06-15 09:09:14"
"73724000001h6GiAAI","Contract","BankAccountNumber","00524000000utcoAAA","2015-06-15 09:09:14"
"73724000001h6GjAAI","Contract","BankAccountType","00524000000utcoAAA","2015-06-15 09:09:14"
"73724000001h6GkAAI","Contract","BankAddress","00524000000utcoAAA","2015-06-15 09:09:14"
"73724000001h6GlAAI","Contract","BankBranchCode","00524000000utcoAAA","2015-06-15 09:09:14"
"73724000001h6GmAAI","Contract","BankCode","00524000000utcoAAA","2015-06-15 09:09:14"
"73724000001h6GnAAI","Contract","BankName","00524000000utcoAAA","2015-06-15 09:09:14"
"73724000001h6GoAAI","Contract","BankReferenceNumber","00524000000utcoAAA","2015-06-15 09:09:14"
"73724000001h6GpAAI","Contract","BillingAddress","00524000000utcoAAA","2015-06-15 09:09:14"
"73724000001h6GqAAI","Contract","BillingCompany","00524000000utcoAAA","2015-06-15 09:09:14"
"73724000001h6GrAAI","Contract","BillingEmail","00524000000utcoAAA","2015-06-15 09:09:14"
"73724000001h6GsAAI","Contract","BillingFax","00524000000utcoAAA","2015-06-15 09:09:14"
"73724000001h6GtAAI","Contract","BillingLanguage","00524000000utcoAAA","2015-06-15 09:09:14"
"73724000001h6GuAAI","Contract","BillingName","00524000000utcoAAA","2015-06-15 09:09:14"
"73724000001h6GvAAI","Contract","BillingPhone","00524000000utcoAAA","2015-06-15 09:09:14"
"73724000001h6GwAAI","Contract","CompanySigned","00524000000utcoAAA","2015-06-15 09:09:14"
"73724000001h6GxAAI","Contract","CompanySignedDate","00524000000utcoAAA","2015-06-15 09:09:14"
"73724000001h6GyAAI","Contract","ContractTerm","00524000000utcoAAA","2015-06-15 09:09:14"
"73724000001h6GzAAI","Contract","CreditCardExpirationDate","00524000000utcoAAA","2015-06-15 09:09:14"
"73724000001h6H0AAI","Contract","CreditCardNumber","00524000000utcoAAA","2015-06-15 09:09:14"
"73724000001h6H1AAI","Contract","CreditCardType","00524000000utcoAAA","2015-06-15 09:09:14"
"73724000001h6H2AAI","Contract","CurrencyIsoCode","00524000000utcoAAA","2015-06-15 09:09:14"
"73724000001h6H3AAI","Contract","CustomerExpirationNotice","00524000000utcoAAA","2015-06-15 09:09:14"
"73724000001h6H4AAI","Contract","CustomerSigned","00524000000utcoAAA","2015-06-15 09:09:14"
"73724000001h6H5AAI","Contract","CustomerSignedDate","00524000000utcoAAA","2015-06-15 09:09:14"
"73724000001h6H6AAI","Contract","CustomerSignedTitle","00524000000utcoAAA","2015-06-15 09:09:14"
"73724000001h6H7AAI","Contract","Description","00524000000utcoAAA","2015-06-15 09:09:14"
"73724000001h6H8AAI","Contract","EndDate","00524000000utcoAAA","2015-06-15 09:09:14"
"73724000001h6H9AAI","Contract","InvoiceDispatchMethod","00524000000utcoAAA","2015-06-15 09:09:14"
"73724000001h6HAAAY","Contract","IsDunningSuppressed","00524000000utcoAAA","2015-06-15 09:09:14"
"73724000001h6HBAAY","Contract","Name","00524000000utcoAAA","2015-06-15 09:09:14"
"73724000001h6HCAAY","Contract","NameOnCreditCard","00524000000utcoAAA","2015-06-15 09:09:14"
"73724000001h6HDAAY","Contract","OfferExpirationDate","00524000000utcoAAA","2015-06-15 09:09:14"
"73724000001h6HEAAY","Contract","OrderPrebillDays","00524000000utcoAAA","2015-06-15 09:09:14"
"73724000001h6HFAAY","Contract","Owner","00524000000utcoAAA","2015-06-15 09:09:14"
"73724000001h6HGAAY","Contract","OwnerExpirationNotice","00524000000utcoAAA","2015-06-15 09:09:14"
"73724000001h6HHAAY","Contract","PaymentTerm","00524000000utcoAAA","2015-06-15 09:09:14"
"73724000001h6HIAAY","Contract","PaymentType","00524000000utcoAAA","2015-06-15 09:09:14"
"73724000001h6HJAAY","Contract","Pricebook2","00524000000utcoAAA","2015-06-15 09:09:14"
"73724000001h6HKAAY","Contract","RecordType","00524000000utcoAAA","2015-06-15 09:09:14"
"73724000001h6HLAAY","Contract","RenewalDays","00524000000utcoAAA","2015-06-15 09:09:14"
"73724000001h6HMAAY","Contract","RenewalTerm","00524000000utcoAAA","2015-06-15 09:09:14"
"73724000001h6HNAAY","Contract","Salesrep1","00524000000utcoAAA","2015-06-15 09:09:14"
"73724000001h6HOAAY","Contract","Salesrep1Percent","00524000000utcoAAA","2015-06-15 09:09:14"
"73724000001h6HPAAY","Contract","Salesrep2","00524000000utcoAAA","2015-06-15 09:09:14"
"73724000001h6HQAAY","Contract","Salesrep2Percent","00524000000utcoAAA","2015-06-15 09:09:14"
"73724000001h6HRAAY","Contract","Salesrep3","00524000000utcoAAA","2015-06-15 09:09:14"
"73724000001h6HSAAY","Contract","Salesrep3Percent","00524000000utcoAAA","2015-06-15 09:09:14"
"73724000001h6HTAAY","Contract","ShippingAddress","00524000000utcoAAA","2015-06-15 09:09:14"
"73724000001h6HUAAY","Contract","SpecialTerms","00524000000utcoAAA","2015-06-15 09:09:14"
"73724000001h6HVAAY","Contract","StartDate","00524000000utcoAAA","2015-06-15 09:09:14"
"73724000001h6HWAAY","Contract","Status","00524000000utcoAAA","2015-06-15 09:09:14"
"73724000001h6HXAAY","Contract","TaxExemptionCode","00524000000utcoAAA","2015-06-15 09:09:14"
"73724000001h6HYAAY","Order","BillToContact","00524000000utcoAAA","2015-06-15 09:09:14"
"73724000001h6HZAAY","Order","BillingAddress","00524000000utcoAAA","2015-06-15 09:09:14"
"73724000001h6HaAAI","Order","CompanyAuthorizedBy","00524000000utcoAAA","2015-06-15 09:09:14"
"73724000001h6HbAAI","Order","CompanyAuthorizedDate","00524000000utcoAAA","2015-06-15 09:09:14"
"73724000001h6HcAAI","Order","CustomerAuthorizedBy","00524000000utcoAAA","2015-06-15 09:09:14"
"73724000001h6HdAAI","Order","CustomerAuthorizedDate","00524000000utcoAAA","2015-06-15 09:09:14"
"73724000001h6HeAAI","Order","Description","00524000000utcoAAA","2015-06-15 09:09:14"
"73724000001h6HfAAI","Order","EffectiveDate","00524000000utcoAAA","2015-06-15 09:09:14"
"73724000001h6HgAAI","Order","InternalComments","00524000000utcoAAA","2015-06-15 09:09:14"
"73724000001h6HhAAI","Order","Name","00524000000utcoAAA","2015-06-15 09:09:14"
"73724000001h6HiAAI","Order","OfferExpirationDate","00524000000utcoAAA","2015-06-15 09:09:14"
"73724000001h6HjAAI","Order","OrderReferenceNumber","00524000000utcoAAA","2015-06-15 09:09:14"
"73724000001h6HkAAI","Order","PoDate","00524000000utcoAAA","2015-06-15 09:09:14"
"73724000001h6HlAAI","Order","PoNumber","00524000000utcoAAA","2015-06-15 09:09:14"
"73724000001h6HmAAI","Order","ProcessingInstruction","00524000000utcoAAA","2015-06-15 09:09:14"
"73724000001h6HnAAI","Order","ShipToContact","00524000000utcoAAA","2015-06-15 09:09:14"
"73724000001h6HoAAI","Order","ShippingAddress","00524000000utcoAAA","2015-06-15 09:09:14"
"73724000001h6HpAAI","Order","Status","00524000000utcoAAA","2015-06-15 09:09:14"
"73724000001h6HqAAI","Order","TotalAmount","00524000000utcoAAA","2015-06-15 09:09:14"
"73724000001h6HrAAI","Order","Type","00524000000utcoAAA","2015-06-15 09:09:14"
"73724000001h6HsAAI","Solution","CurrencyIsoCode","00524000000utcoAAA","2015-06-15 09:09:14"
"73724000001h6HtAAI","Solution","IsPublished","00524000000utcoAAA","2015-06-15 09:09:14"
"73724000001h6HuAAI","Solution","IsPublishedInPublicKb","00524000000utcoAAA","2015-06-15 09:09:14"
"73724000001h6HvAAI","Solution","Owner","00524000000utcoAAA","2015-06-15 09:09:14"
"73724000001h6HwAAI","Solution","RecordType","00524000000utcoAAA","2015-06-15 09:09:14"
"73724000001h6HxAAI","Solution","SolutionName","00524000000utcoAAA","2015-06-15 09:09:14"
"73724000001h6HyAAI","Solution","SolutionNote","00524000000utcoAAA","2015-06-15 09:09:14"
"73724000001h6HzAAI","Solution","Status","00524000000utcoAAA","2015-06-15 09:09:14"
